Nome,Sobrenome,E-mail,SHA-256 Maria,Silva,maria.silva@dominio1.com.br,01a74e79998484f5de80b0adbe9471b3f90e375724b6143e0c3d63e6fb97b2e7 
João,Rodrigues,joao.rodrigues@dominio2.com.br,65db27774274304e8ad6c1aebcb7f914150f1d26c936dcb7b9e0e5109e7d55ae
Ana,Santos,ana.santos@dominio3.com.br,a5e6b2ef1329c568ff1d731f08833ef4a0d85f5d6dfb46b5bf4d9c5cbfcdd5b3
Pedro,Oliveira,pedro.oliveira@dominio4.com.br,7ac7e67427d652ef00723e716d8bcfe73346454f8d895a4f4a70d9a362172d1d 
Isabela,Gomes,isabela.gomes@dominio5.com.br,d86b0160b58d579e98244dbdb20413ff8e7423cb08db8c7dd5fe0f7e271b97f7 
Carlos,Ferreira,carlos.ferreira@dominio1.com.br,c2c425e25398d1a5bb3b8751d78746c9de6583fc25d2ed8a6c97fe85ee086152 
Juliana,Almeida,juliana.almeida@dominio2.com.br,ee5b3e15c867539bae5e000f1f2cb396d18d8a68d8c8b7979b9fc965776c46b6 
Lucas,Martins,lucas.martins@dominio3.com.br,7d0191b784b20066c5cc69d83dd3a62c27c500da8b14b2ef1053ac3f406f9f33 
Camila,Souza,camila.souza@dominio4.com.br,774e495a8c2f3e344218c2ef6ef14c04b8eb6b18d68e264f3a2e8d7d4cfcb1b1 
Thiago,Rocha,thiago.rocha@dominio5.com.br,b24cf71de0bdeeeb9d703d587c4d46b82d73c9d5f6e5b745b32d3647ec7b3b61
Bianca,Mendes,bianca.mendes@dominio1.com.br,66deebd67d4f29a9a49a3bfc065e3d1a5f21fe110f1f35b93d732c7be50cb315
Rafaela,Silveira,rafaela.silveira@dominio2.com.br,017c4a4391e27a9c65ca8c8e2f3440d38c16ac1c5ab0d55e17779cc7bb4e013b
Eduardo,Ferreira,eduardo.ferreira@dominio3.com.br,1d800876aa970ed03a0d8407194f924fae3ea0fe4d0213b19f662de3b59acdd3
Santiago,Champlin,santiago.champlin7284@ecopalmeiras.com,12e9303d57d05a8da29af851be4b58485ff7c7a46b7e2a2d907da4d1653f74cd
Letícia,Alves,leticia.alves@dominio4.com.br,15b6f8db7aa84ac3db8c7a46e98313cc2e1e793e15ec8e9a6d56c8c1329cc93b
Felipe,Santana,felipe.santana@dominio5.com.br,76f4f44aa85711b53f5b79ed0cc5f6de5e7e60f28f8f1eb66b83e394c3ac1f06 
Larissa,Pereira,larissa.pereira@dominio1.com.br,dbaf5171bf3a5829e1d46b540edce89c90a6ce59b6a4578da684e41d5b8e17f0 
Gustavo,Rodrigues,gustavo.rodrigues@dominio2.com.br,174ebd3a57b2f08b90ebe8721169906a65619dbf44c8a264545b1562f4e776dd 
Mariana,Lopes,mariana.lopes@dominio3.com.br,c938d72ce1d3a1f8d7b2a9ca1b4ee5e16219475bcf5f5e5c85552a6548290476 
Vitória,Azevedo,vitoria.azevedo@dominio4.com.br,0ce2a3c8f92a1a0c6e34f9b7b4d78e1937f88421cfdd0f1c9d8d7e79b7ea0591 
Gabriel,Campos,gabriel.campos@dominio5.com.br,e0d1421c79fbc34956cfc5961b4b28305b07848969707d6df9713290f6fbfd1b 
Amanda,Machado,amanda.machado@dominio1.com.br,163be49e2641de3e153a98dd833d5221774e0daaa58ccfc5a650748cda401f16 
Ricardo,Barbosa,ricardo.barbosa@dominio2.com.br,09c5dd673a98365e27ca9d4b35e90d95f626784dc9d5e3f867a463ebc8495a23 
Laura,Fernandes,laura.fernandes@dominio3.com.br,5dca72b86ee6f1dbaf3d9d6b7152c4b0b9e8b1c967f9e27b78508e96f86651e5 
Diego,Carvalho,diego.carvalho@dominio4.com.br,cccd52db2d2c7bfa23f94e56ab579f4df71ed8d1e736b5cc6882ce17837c10e9 
Sofia,Sousa,sofia.sousa@dominio5.com.br,20c925370f4fca05b72b539de5b4301ebe3e896a6a6317894c9adcc1e68f64b4 
Mateus,Albuquerque,mateus.albuquerque@dominio1.com.br,3e37ea05706b0a33f4c4572f0b6f1105e1fbc0a61f9c5c0b0a67a0c090dca4ea 
Helena,Ribeiro,helena.ribeiro@dominio2.com.br,5ed01a6d16d2a95f0b306e77db51ec1d04cb06e47038c13e6ea4e8781ef9ed48 
Enzo,Lima,enzo.lima@dominio3.com.br,65c7f68a5e031418ad177d8b36cfc0569ad0b7c8a17330e6e740fe67f684279b 
Lara,Costa,lara.costa@dominio4.com.br,d6d3f21934ac6d1b64b889d166f6dbf6b30e4ce9ca72d045a2b47c20ac96ef6a 
Guilherme,Moura,guilherme.moura@dominio5.com.br,ca862f83eb9de0b4d625c37387de7a35694e50e6ee994f9fc8ea865f61470c4e 
Sophia,Andrade,sophia.andrade@dominio1.com.br,28748d86242cfed1b1eb363f8b8d7c484856b07b7a4a769692f522f1242a2364 
Leonardo,Cunha,leonardo.cunha@dominio2.com.br,6c55f9c1e3c0e9b485128f92df0b1ccf4375b1c3a5e8c0556b8b7d3e8b333258 
Isabella,Cardoso,isabella.cardoso@dominio3.com.br,5b99895023a0e9ea0c68412f94a4ffbb5990f3b5e01a5996e7768b68648da48a 
Murilo,Gonçalves,murilo.goncalves@dominio4.com.br,442c16a4e4f28d4a654f7bb33c3147267c92f906e741cf161f2a3e45eab0bf5f 
Manuela,Moreira,manuela.moreira@dominio5.com.br,d8f72a8dd358364bc5a927a1cc9d18098c0368d29b41b5e7852a17b482f8c924 
Davi,Correia,davi.correia@dominio1.com.br,676c85db76d42bc90a50eefb0e33a858f6bb2c6a2ff3480e35d3e8a5ec3991ad 
Eloá,Barros,eloa.barros@dominio2.com.br,ebfcf9efb14fc4a25f5c0487b2082e18b9c4b17d49e738f8cc2bc745f135e4c3 
Gustavo,Fernandez,gustavo.fernandez@dominio3.com.br,6508fe937577c6b2c344ad99c73d41875271c12d1b075c7a7e7720a78e51b451 
Beatriz,Nascimento,beatriz.nascimento@dominio4.com.br,eaf1377d1996605d0d4f8bde8e2ef22a9e0442fb4cd261998e26bf59e296f30a 
Pedro,Henrique,pedro.henrique@dominio5.com.br,3e39ed45793b5b46f0d07212e0b2ec2a46d1d8a40ce5899b195d8c666cf6df0a 
Lívia,Araújo,livia.araujo@dominio1.com.br,1d1b2a5d25eb3c5c67c870fb10bb1234be76976866cf097fe209ca93630eb215 
Arthur,Coelho,arthur.coelho@dominio2.com.br,23b6090ea5474e4f44ecae18eb60db3172f484b94c0385aae1458c7d2f96cb62 
Melissa,Neves,melissa.neves@dominio3.com.br,702f8e78e32a61efaece65eb3d96b4f7db19ec3e49b52f3d6f1fc1f46ef1039f 
Matheus,Silveira,matheus.silveira@dominio4.com.br,c3843161465fcda82982d884f80be4d0d508139a65ebc1813db5c8ce798423b1 
Laís,Monteiro,lais.monteiro@dominio5.com.br,496d22ac2a589d63f1b2e79c17c91661856ea54e50edf44e5eafaae840314c0a 
Felipe,Ramos,felipe.ramos@dominio1.com.br,8ec3d69f160f5e408b3eb3a5a601f95a573d8988e8e6c53c592001c735dcbbda 
Yasmin,Mendes,yasmin.mendes@dominio2.com.br,bd8c26c18f472c203fedd53e3ef5b0de9b1c763f0aa780a29551c2c0eac3ad7e 
Davi,Lopes,davi.lopes@dominio3.com.br,e1339b133b1e26edba1717abf7fb16b9fe521cbabbd8ee7b9447a235722de1eb 
Heloísa,Barbosa,heloisa.barbosa@dominio4.com.br,4df4a3b8b2b5e46d0b4c5a8a5c3b83b29f25598f86f674c440018297ace55da9 
Lucca,Machado,lucca.machado@dominio5.com.br,5ee62fc9403885429b7d394a7e38ea4b3c9f3f7d616dbbc365052fbdb0362073
